https://regulation.tax.gov.ir/lwvi?lid=txs5000147864&ty=mq&txt=,EXTRACTED
https://regulation.tax.gov.ir/lwvi?lid=txs5000147261&ty=mq&txt=,EXTRACTED
https://regulation.tax.gov.ir/lwvi?lid=txs5000147216&ty=mq&txt=,EXTRACTED
https://regulation.tax.gov.ir/lwvi?lid=txs5000147110&ty=mq&txt=,EXTRACTED
https://regulation.tax.gov.ir/lwvi?lid=txs5000147047&ty=mq&txt=,EXTRACTED
https://regulation.tax.gov.ir/lwvi?lid=txs5000147868&ty=ry&txt=,EXTRACTED
https://regulation.tax.gov.ir/lwvi?lid=txs5000146629&ty=mq&txt=,EXTRACTED
https://regulation.tax.gov.ir/lwvi?lid=txs5000145927&ty=mq&txt=,EXTRACTED
https://regulation.tax.gov.ir/lwvi?lid=txs5000144283&ty=mq&txt=,EXTRACTED
https://regulation.tax.gov.ir/lwvi?lid=txs5000146928&ty=ry&txt=,EXTRACTED
https://regulation.tax.gov.ir/lwvi?lid=txs5000146631&ty=mq&txt=,EXTRACTED
https://regulation.tax.gov.ir/lwvi?lid=txs5000147311&ty=ry&txt=,EXTRACTED
https://regulation.tax.gov.ir/lwvi?lid=txs5000147294&ty=ry&txt=,EXTRACTED
https://regulation.tax.gov.ir/lwvi?lid=txs5000147865&ty=mq&txt=,EXTRACTED
https://regulation.tax.gov.ir/lwvi?lid=txs5000142374&ty=mq&txt=,EXTRACTED
https://regulation.tax.gov.ir/lwvi?lid=txs5000142098&ty=mq&txt=,EXTRACTED
https://regulation.tax.gov.ir/lwvi?lid=txs5000141726&ty=mq&txt=,EXTRACTED
https://regulation.tax.gov.ir/lwvi?lid=txs5000141365&ty=mq&txt=,EXTRACTED
https://regulation.tax.gov.ir/lwvi?lid=txs5000141443&ty=mq&txt=,EXTRACTED
https://regulation.tax.gov.ir/lwvi?lid=txs5000141158&ty=mq&txt=,EXTRACTED
